'latency_count','latency_avg','latency_stdev','latency_max','req_count','req_avg','req_stdev','req_max', 'Total requests','duration','read', 'reqests/sec', 'transfers/sec',
0,0,0,0,4592,0,0,0,4592,186600,140451.84,24.6,752.41,
0,0,0,0,4554,0,0,0,4554,187200,163491.84,24.34,870.4,
0,0,0,0,4562,0,0,0,4562,185400,154808.32,24.49,835.63,
0,0,0,0,3949,0,0,0,3949,188400,133263.36,21.01,707.77,
0,0,0,0,4587,0,0,0,4587,187800,152473.6,24.49,811.1,
0,0,0,0,4297,0,0,0,4297,187800,147128.32,22.97,784.48,
0,0,0,0,4383,0,0,0,4383,187800,162488.32,23.41,864.12,
0,0,0,0,4657,0,0,0,4657,187200,163655.68,24.94,870.4,
0,0,0,0,4524,0,0,0,4524,188400,158484.48,24.11,840.88,
0,0,0,0,4554,0,0,0,4554,186000,157317.12,24.34,844.51,
0,0,0,0,4552,0,0,0,4552,187800,152975.36,24.28,814.03,
0,0,0,0,4296,0,0,0,4296,186600,140113.92,23,751.78,
0,0,0,0,4722,0,0,0,4722,186600,152473.6,25.22,816.61,
0,0,0,0,4563,0,0,0,4563,187200,161986.56,24.42,864,
0,0,0,0,4209,0,0,0,4209,187200,157317.12,22.53,839.36,
0,0,0,0,4458,0,0,0,4458,186600,142622.72,23.82,764.66,
0,0,0,0,4655,0,0,0,4655,187800,149964.8,24.83,798.95,
0,0,0,0,4945,0,0,0,4945,188400,155310.08,26.42,825.45,
0,0,0,0,4548,0,0,0,4548,185400,149135.36,24.35,804.74,
0,0,0,0,4828,0,0,0,4828,186600,158320.64,25.87,849.36,
,,,,,,,,,,,,,
,,,,,,,,4554,187200,153891.84,24.345,821.03,#NUM!
,,,,,,,,,,,24.172,,
,,,,,,,,,,,1.188225568,,
,,,,,,,,,,,0.049157106,,
