'latency_count','latency_avg','latency_stdev','latency_max','req_count','req_avg','req_stdev','req_max', 'Total requests','duration','read', 'reqests/sec', 'transfers/sec',,
380,10000,5.86,10090,1076,0,0,0,4494,189000,151715.84,23.77,3353.01,,
369,10000,0.75675,10010,1107,0,0,0,4215,187200,156088.32,22.47,3168.19,,
271,10000,0.49127,10010,837,0,0,0,4177,190200,118016,22.13,3124.96,,
311,10000,5.16,10040,864,0,0,0,4111,188400,121825.28,21.91,3087.61,,
375,10000,7.62,10090,1263,0,0,0,5298,189000,178083.84,28.12,3959.95,,
487,10000,2.66,10050,1406,0,0,0,4691,187200,198246.4,24.9,3499.47,,
259,10000,1.58,10010,917,0,0,0,4206,188400,129300.48,22.25,3136.05,,
305,10010,43.67,10430,795,0,0,0,4317,189000,112097.28,22.93,3223.3,,
258,10000,21.34,10300,943,0,0,0,4269,189600,132966.4,22.73,3201.27,,
318,10000,5.43,10060,821,0,0,0,3633,190200,115763.2,19.2,2705.48,,
321,10010,60.12,10590,840,0,0,0,4086,187800,118435.84,21.66,3058.2,,
280,10000,14.96,10200,808,0,0,0,3894,187800,113930.24,20.63,2905.01,,
267,10010,45.41,10320,809,0,0,0,3712,188400,114073.6,19.67,2773.47,,
183,10000,1.3,10010,620,0,0,0,4235,189600,87418.88,22.38,3151.81,,
400,10000,0.38862,10000,990,0,0,0,3926,189000,139591.68,20.82,2935.85,,
265,10000,21.26,10280,753,0,0,0,4425,189600,106168.32,23.44,3301.13,,
338,10000,1.39,10020,930,0,0,0,3729,187800,131133.44,19.76,2787.23,,
253,10000,2.24,10020,808,0,0,0,3911,189600,113930.24,20.65,2912.6,,
284,10000,13.44,10210,1042,0,0,0,4023,191400,146923.52,21.14,2981.04,,
,,,,,,,,,,,,,,
,,,,,,,,4177,189000,121825.28,22.13,3124.96,#NUM!,#NUM!
,,,,,,,,,,,22.13473684,,,
,,,,,,,,,,,2.065726583,,,
,,,,,,,,,,,0.093325102,,,
